id,label
donkey,0.32128146
donkey,0.8830521
donkey,0.99575776
rabbit,0.12041443
rabbit,0.3595863
rabbit,0.514627
rabbit,0.060625788
rabbit,0.6383587
rabbit,0.026268099
你他妈才是驴,0.7726212
哔哩哔哩-Amiya,0.42883116
萌娘百科-Amiya,0.6283775
